IND_ID,IND_CODE,IND_UUID,IND_PER_CODE,DIM_TIME,DIM_TIME_TYPE,DIM_GEO_CODE_M49,DIM_GEO_CODE_TYPE,DIM_PUBLISH_STATE_CODE,IND_NAME,GEO_NAME_SHORT,RATE_PER_100000_N,RATE_PER_100000_NL,RATE_PER_100000_NU
AC597B1MDG_0000000026,MDG_0000000026,AC597B1,MDG_0000000026,2023,YEAR,804,COUNTRY,PUBLISHED,Maternal mortality ratio,Ukraine,14.9480896,8.978529746,24.61556888
AC597B1MDG_0000000026,MDG_0000000026,AC597B1,MDG_0000000026,2023,YEAR,807,COUNTRY,PUBLISHED,Maternal mortality ratio,North Macedonia,2.758119716,1.267365864,4.96049598
AC597B1MDG_0000000026,MDG_0000000026,AC597B1,MDG_0000000026,2023,YEAR,818,COUNTRY,PUBLISHED,Maternal mortality ratio,Egypt,16.95241207,11.29201222,22.54805439
AC597B1MDG_0000000026,MDG_0000000026,AC597B1,MDG_0000000026,2023,YEAR,826,COUNTRY,PUBLISHED,Maternal mortality ratio,United Kingdom of Great Britain and Northern Ireland,8.305988831,5.872104461,11.75875954
AC597B1MDG_0000000026,MDG_0000000026,AC597B1,MDG_0000000026,2023,YEAR,834,COUNTRY,PUBLISHED,Maternal mortality ratio,United Republic of Tanzania,275.843788,192.0639278,429.0205761
AC597B1MDG_0000000026,MDG_0000000026,AC597B1,MDG_0000000026,2023,YEAR,840,COUNTRY,PUBLISHED,Maternal mortality ratio,United States of America,16.6325256,13.03591354,20.71519005
AC597B1MDG_0000000026,MDG_0000000026,AC597B1,MDG_0000000026,2023,YEAR,854,COUNTRY,PUBLISHED,Maternal mortality ratio,Burkina Faso,241.7867093,155.2016758,366.8955596
AC597B1MDG_0000000026,MDG_0000000026,AC597B1,MDG_0000000026,2023,YEAR,858,COUNTRY,PUBLISHED,Maternal mortality ratio,Uruguay,15.30536436,11.36485375,19.85460658
AC597B1MDG_0000000026,MDG_0000000026,AC597B1,MDG_0000000026,2023,YEAR,860,COUNTRY,PUBLISHED,Maternal mortality ratio,Uzbekistan,26.46381701,18.20188893,40.16748486
AC597B1MDG_0000000026,MDG_0000000026,AC597B1,MDG_0000000026,2023,YEAR,862,COUNTRY,PUBLISHED,Maternal mortality ratio,Venezuela (Bolivarian Republic of),226.685495,148.2795691,370.9936934
AC597B1MDG_0000000026,MDG_0000000026,AC597B1,MDG_0000000026,2023,YEAR,882,COUNTRY,PUBLISHED,Maternal mortality ratio,Samoa,101.487536,45.61508716,232.6933769
AC597B1MDG_0000000026,MDG_0000000026,AC597B1,MDG_0000000026,2023,YEAR,887,COUNTRY,PUBLISHED,Maternal mortality ratio,Yemen,118.4013266,71.07929565,212.2247474
AC597B1MDG_0000000026,MDG_0000000026,AC597B1,MDG_0000000026,2023,YEAR,894,COUNTRY,PUBLISHED,Maternal mortality ratio,Zambia,85.4503666,60.77543268,125.5463637
AC597B1MDG_0000000026,MDG_0000000026,AC597B1,MDG_0000000026,2023,YEAR,953,WHOREGION,PUBLISHED,Maternal mortality ratio,Africa,442.1225052,376.1795552,559.9091562
AC597B1MDG_0000000026,MDG_0000000026,AC597B1,MDG_0000000026,2023,YEAR,954,WHOREGION,PUBLISHED,Maternal mortality ratio,Americas,58.54117558,52.3087033,66.25130311
AC597B1MDG_0000000026,MDG_0000000026,AC597B1,MDG_0000000026,2023,YEAR,955,WHOREGION,PUBLISHED,Maternal mortality ratio,South-East Asia,96.25844996,85.83866773,111.5062342
AC597B1MDG_0000000026,MDG_0000000026,AC597B1,MDG_0000000026,2023,YEAR,956,WHOREGION,PUBLISHED,Maternal mortality ratio,Europe,11.1604228,9.855480815,12.89697938
AC597B1MDG_0000000026,MDG_0000000026,AC597B1,MDG_0000000026,2023,YEAR,957,WHOREGION,PUBLISHED,Maternal mortality ratio,Eastern Mediterranean,167.3747715,134.6939348,217.930942
AC597B1MDG_0000000026,MDG_0000000026,AC597B1,MDG_0000000026,2023,YEAR,958,WHOREGION,PUBLISHED,Maternal mortality ratio,Western Pacific,35.41851401,30.32615292,41.96353774
AC597B1MDG_0000000026,MDG_0000000026,AC597B1,MDG_0000000026,2023,YEAR,418,COUNTRY,PUBLISHED,Maternal mortality ratio,Lao People's Democratic Republic,112.1513662,75.07466501,182.4799045
AC597B1MDG_0000000026,MDG_0000000026,AC597B1,MDG_0000000026,2023,YEAR,422,COUNTRY,PUBLISHED,Maternal mortality ratio,Lebanon,14.97622671,11.24655827,21.0757669
AC597B1MDG_0000000026,MDG_0000000026,AC597B1,MDG_0000000026,2023,YEAR,426,COUNTRY,PUBLISHED,Maternal mortality ratio,Lesotho,478.0203695,297.7914146,724.7403137
AC597B1MDG_0000000026,MDG_0000000026,AC597B1,MDG_0000000026,2023,YEAR,428,COUNTRY,PUBLISHED,Maternal mortality ratio,Latvia,18.71678221,13.01821645,28.12376845
AC597B1MDG_0000000026,MDG_0000000026,AC597B1,MDG_0000000026,2023,YEAR,430,COUNTRY,PUBLISHED,Maternal mortality ratio,Liberia,627.71764,436.1128623,913.2930647
AC597B1MDG_0000000026,MDG_0000000026,AC597B1,MDG_0000000026,2023,YEAR,434,COUNTRY,PUBLISHED,Maternal mortality ratio,Libya,59.49735011,23.20017817,153.5168293
AC597B1MDG_0000000026,MDG_0000000026,AC597B1,MDG_0000000026,2023,YEAR,440,COUNTRY,PUBLISHED,Maternal mortality ratio,Lithuania,7.67441127,4.890560161,12.46329644
AC597B1MDG_0000000026,MDG_0000000026,AC597B1,MDG_0000000026,2023,YEAR,442,COUNTRY,PUBLISHED,Maternal mortality ratio,Luxembourg,11.68882415,6.991454468,18.87364619
AC597B1MDG_0000000026,MDG_0000000026,AC597B1,MDG_0000000026,2023,YEAR,450,COUNTRY,PUBLISHED,Maternal mortality ratio,Madagascar,445.4290222,325.5631398,651.9497113
AC597B1MDG_0000000026,MDG_0000000026,AC597B1,MDG_0000000026,2023,YEAR,454,COUNTRY,PUBLISHED,Maternal mortality ratio,Malawi,224.9501524,153.0403213,351.9180289
AC597B1MDG_0000000026,MDG_0000000026,AC597B1,MDG_0000000026,2023,YEAR,458,COUNTRY,PUBLISHED,Maternal mortality ratio,Malaysia,26.37990665,23.71708692,33.75616581
AC597B1MDG_0000000026,MDG_0000000026,AC597B1,MDG_0000000026,2023,YEAR,462,COUNTRY,PUBLISHED,Maternal mortality ratio,Maldives,31.82443638,22.27967658,50.00920676
AC597B1MDG_0000000026,MDG_0000000026,AC597B1,MDG_0000000026,2023,YEAR,466,COUNTRY,PUBLISHED,Maternal mortality ratio,Mali,367.3314713,267.5228826,497.9661282
AC597B1MDG_0000000026,MDG_0000000026,AC597B1,MDG_0000000026,2023,YEAR,470,COUNTRY,PUBLISHED,Maternal mortality ratio,Malta,8.393040802,3.928105048,14.28749598
AC597B1MDG_0000000026,MDG_0000000026,AC597B1,MDG_0000000026,2023,YEAR,478,COUNTRY,PUBLISHED,Maternal mortality ratio,Mauritania,381.0540883,262.6035897,560.9406146
AC597B1MDG_0000000026,MDG_0000000026,AC597B1,MDG_0000000026,2023,YEAR,480,COUNTRY,PUBLISHED,Maternal mortality ratio,Mauritius,65.90150636,43.54155496,105.0976007
AC597B1MDG_0000000026,MDG_0000000026,AC597B1,MDG_0000000026,2023,YEAR,484,COUNTRY,PUBLISHED,Maternal mortality ratio,Mexico,42.10605109,31.68329659,49.94773118
AC597B1MDG_0000000026,MDG_0000000026,AC597B1,MDG_0000000026,2023,YEAR,492,COUNTRY,PUBLISHED,Maternal mortality ratio,Monaco,5.220104526,2.315528079,11.84330879
AC597B1MDG_0000000026,MDG_0000000026,AC597B1,MDG_0000000026,2023,YEAR,496,COUNTRY,PUBLISHED,Maternal mortality ratio,Mongolia,40.51441121,27.06469221,57.60071805
AC597B1MDG_0000000026,MDG_0000000026,AC597B1,MDG_0000000026,2023,YEAR,498,COUNTRY,PUBLISHED,Maternal mortality ratio,Republic of Moldova,18.67839248,12.64663886,27.38495167
AC597B1MDG_0000000026,MDG_0000000026,AC597B1,MDG_0000000026,2023,YEAR,499,COUNTRY,PUBLISHED,Maternal mortality ratio,Montenegro,5.832834217,2.708189476,10.49843031
AC597B1MDG_0000000026,MDG_0000000026,AC597B1,MDG_0000000026,2023,YEAR,504,COUNTRY,PUBLISHED,Maternal mortality ratio,Morocco,69.76915832,51.33240939,94.43644837
AC597B1MDG_0000000026,MDG_0000000026,AC597B1,MDG_0000000026,2023,YEAR,508,COUNTRY,PUBLISHED,Maternal mortality ratio,Mozambique,82.21794006,60.04603405,112.8785161
AC597B1MDG_0000000026,MDG_0000000026,AC597B1,MDG_0000000026,2023,YEAR,512,COUNTRY,PUBLISHED,Maternal mortality ratio,Oman,12.54502957,8.588209008,19.20792876
AC597B1MDG_0000000026,MDG_0000000026,AC597B1,MDG_0000000026,2023,YEAR,516,COUNTRY,PUBLISHED,Maternal mortality ratio,Namibia,138.85587,90.89938667,223.1272539
AC597B1MDG_0000000026,MDG_0000000026,AC597B1,MDG_0000000026,2023,YEAR,520,COUNTRY,PUBLISHED,Maternal mortality ratio,Nauru,273.3773423,119.2397366,638.6702654
AC597B1MDG_0000000026,MDG_0000000026,AC597B1,MDG_0000000026,2023,YEAR,524,COUNTRY,PUBLISHED,Maternal mortality ratio,Nepal,142.0052693,99.35656131,233.6569587
AC597B1MDG_0000000026,MDG_0000000026,AC597B1,MDG_0000000026,2023,YEAR,528,COUNTRY,PUBLISHED,Maternal mortality ratio,Netherlands (Kingdom of the),4.302753516,2.954540148,6.324277138
AC597B1MDG_0000000026,MDG_0000000026,AC597B1,MDG_0000000026,2023,YEAR,548,COUNTRY,PUBLISHED,Maternal mortality ratio,Vanuatu,100.0478928,38.06533419,264.6504999
AC597B1MDG_0000000026,MDG_0000000026,AC597B1,MDG_0000000026,2023,YEAR,554,COUNTRY,PUBLISHED,Maternal mortality ratio,New Zealand,7.0262109,4.499480816,9.257434038
AC597B1MDG_0000000026,MDG_0000000026,AC597B1,MDG_0000000026,2023,YEAR,558,COUNTRY,PUBLISHED,Maternal mortality ratio,Nicaragua,60.34839587,45.38104404,76.81724418
AC597B1MDG_0000000026,MDG_0000000026,AC597B1,MDG_0000000026,2023,YEAR,562,COUNTRY,PUBLISHED,Maternal mortality ratio,Niger,350.2683336,227.4447386,562.9579495
AC597B1MDG_0000000026,MDG_0000000026,AC597B1,MDG_0000000026,2023,YEAR,566,COUNTRY,PUBLISHED,Maternal mortality ratio,Nigeria,992.8292085,718.3332538,1539.814219
AC597B1MDG_0000000026,MDG_0000000026,AC597B1,MDG_0000000026,2023,YEAR,578,COUNTRY,PUBLISHED,Maternal mortality ratio,Norway,1.308425505,0.680827732,2.290442773
AC597B1MDG_0000000026,MDG_0000000026,AC597B1,MDG_0000000026,2023,YEAR,583,COUNTRY,PUBLISHED,Maternal mortality ratio,Micronesia (Federated States of),128.7534806,56.26527253,302.3192667
AC597B1MDG_0000000026,MDG_0000000026,AC597B1,MDG_0000000026,2023,YEAR,584,COUNTRY,PUBLISHED,Maternal mortality ratio,Marshall Islands,154.7892585,71.57259781,348.0167787
AC597B1MDG_0000000026,MDG_0000000026,AC597B1,MDG_0000000026,2023,YEAR,585,COUNTRY,PUBLISHED,Maternal mortality ratio,Palau,89.41671639,37.59742318,208.8524933
AC597B1MDG_0000000026,MDG_0000000026,AC597B1,MDG_0000000026,2023,YEAR,586,COUNTRY,PUBLISHED,Maternal mortality ratio,Pakistan,155.0327398,107.3157418,241.1976601
AC597B1MDG_0000000026,MDG_0000000026,AC597B1,MDG_0000000026,2023,YEAR,591,COUNTRY,PUBLISHED,Maternal mortality ratio,Panama,37.00633347,30.24171183,43.04064433
AC597B1MDG_0000000026,MDG_0000000026,AC597B1,MDG_0000000026,2023,YEAR,598,COUNTRY,PUBLISHED,Maternal mortality ratio,Papua New Guinea,188.6494966,118.5880719,306.8900482
AC597B1MDG_0000000026,MDG_0000000026,AC597B1,MDG_0000000026,2023,YEAR,600,COUNTRY,PUBLISHED,Maternal mortality ratio,Paraguay,58.27148719,42.13910812,81.27835585
AC597B1MDG_0000000026,MDG_0000000026,AC597B1,MDG_0000000026,2023,YEAR,604,COUNTRY,PUBLISHED,Maternal mortality ratio,Peru,51.445451,39.7461085,62.00271468
AC597B1MDG_0000000026,MDG_0000000026,AC597B1,MDG_0000000026,2023,YEAR,608,COUNTRY,PUBLISHED,Maternal mortality ratio,Philippines,83.75267845,64.02124567,119.2599361
AC597B1MDG_0000000026,MDG_0000000026,AC597B1,MDG_0000000026,2023,YEAR,616,COUNTRY,PUBLISHED,Maternal mortality ratio,Poland,1.567119645,0.955979683,2.518757445
AC597B1MDG_0000000026,MDG_0000000026,AC597B1,MDG_0000000026,2023,YEAR,620,COUNTRY,PUBLISHED,Maternal mortality ratio,Portugal,14.94519311,9.345180876,23.55914992
AC597B1MDG_0000000026,MDG_0000000026,AC597B1,MDG_0000000026,2023,YEAR,624,COUNTRY,PUBLISHED,Maternal mortality ratio,Guinea-Bissau,505.3680331,313.1460582,850.9608317
AC597B1MDG_0000000026,MDG_0000000026,AC597B1,MDG_0000000026,2023,YEAR,626,COUNTRY,PUBLISHED,Maternal mortality ratio,Timor-Leste,192.3577607,125.2593069,288.4552506
AC597B1MDG_0000000026,MDG_0000000026,AC597B1,MDG_0000000026,2023,YEAR,630,"ORGANIZED, UNINCORPORATED TERRITORY",PUBLISHED,Maternal mortality ratio,Puerto Rico,11.02503845,7.108855184,19.07373627
AC597B1MDG_0000000026,MDG_0000000026,AC597B1,MDG_0000000026,2023,YEAR,634,COUNTRY,PUBLISHED,Maternal mortality ratio,Qatar,3.921595137,2.402058693,6.457286279
AC597B1MDG_0000000026,MDG_0000000026,AC597B1,MDG_0000000026,2023,YEAR,642,COUNTRY,PUBLISHED,Maternal mortality ratio,Romania,11.68034872,7.453884544,18.35613946
AC597B1MDG_0000000026,MDG_0000000026,AC597B1,MDG_0000000026,2023,YEAR,643,COUNTRY,PUBLISHED,Maternal mortality ratio,Russian Federation,9.402811391,6.210221779,14.54841869
AC597B1MDG_0000000026,MDG_0000000026,AC597B1,MDG_0000000026,2023,YEAR,646,COUNTRY,PUBLISHED,Maternal mortality ratio,Rwanda,229.4838991,157.5280523,373.2001523
AC597B1MDG_0000000026,MDG_0000000026,AC597B1,MDG_0000000026,2023,YEAR,659,COUNTRY,PUBLISHED,Maternal mortality ratio,Saint Kitts and Nevis,73.51600924,35.66463464,118.1289903
AC597B1MDG_0000000026,MDG_0000000026,AC597B1,MDG_0000000026,2023,YEAR,662,COUNTRY,PUBLISHED,Maternal mortality ratio,Saint Lucia,43.96010989,25.61718257,77.19010716
AC597B1MDG_0000000026,MDG_0000000026,AC597B1,MDG_0000000026,2023,YEAR,670,COUNTRY,PUBLISHED,Maternal mortality ratio,Saint Vincent and the Grenadines,55.83509448,31.89304977,87.26286615
AC597B1MDG_0000000026,MDG_0000000026,AC597B1,MDG_0000000026,2023,YEAR,674,COUNTRY,PUBLISHED,Maternal mortality ratio,San Marino,7.656993442,3.19404953,15.93472217
AC597B1MDG_0000000026,MDG_0000000026,AC597B1,MDG_0000000026,2023,YEAR,678,COUNTRY,PUBLISHED,Maternal mortality ratio,Sao Tome and Principe,75.3639749,41.75139629,137.7529511
AC597B1MDG_0000000026,MDG_0000000026,AC597B1,MDG_0000000026,2023,YEAR,682,COUNTRY,PUBLISHED,Maternal mortality ratio,Saudi Arabia,7.358411304,4.87056833,11.12577023
AC597B1MDG_0000000026,MDG_0000000026,AC597B1,MDG_0000000026,2023,YEAR,686,COUNTRY,PUBLISHED,Maternal mortality ratio,Senegal,237.4420892,172.5496747,365.201785
AC597B1MDG_0000000026,MDG_0000000026,AC597B1,MDG_0000000026,2023,YEAR,688,COUNTRY,PUBLISHED,Maternal mortality ratio,Serbia,10.73850259,7.740957404,16.18174532
AC597B1MDG_0000000026,MDG_0000000026,AC597B1,MDG_0000000026,2023,YEAR,690,COUNTRY,PUBLISHED,Maternal mortality ratio,Seychelles,41.89188388,25.94689842,64.35551787
AC597B1MDG_0000000026,MDG_0000000026,AC597B1,MDG_0000000026,2023,YEAR,694,COUNTRY,PUBLISHED,Maternal mortality ratio,Sierra Leone,353.5635563,249.2153907,537.022348
AC597B1MDG_0000000026,MDG_0000000026,AC597B1,MDG_0000000026,2023,YEAR,702,COUNTRY,PUBLISHED,Maternal mortality ratio,Singapore,6.121237998,3.936179894,10.58381581
AC597B1MDG_0000000026,MDG_0000000026,AC597B1,MDG_0000000026,2023,YEAR,703,COUNTRY,PUBLISHED,Maternal mortality ratio,Slovakia,4.47117441,2.550566406,6.919328905
AC597B1MDG_0000000026,MDG_0000000026,AC597B1,MDG_0000000026,2023,YEAR,704,COUNTRY,PUBLISHED,Maternal mortality ratio,Viet Nam,47.61027563,31.49981624,69.39279059
AC597B1MDG_0000000026,MDG_0000000026,AC597B1,MDG_0000000026,2023,YEAR,705,COUNTRY,PUBLISHED,Maternal mortality ratio,Slovenia,3.328467629,1.978740334,5.634997386
AC597B1MDG_0000000026,MDG_0000000026,AC597B1,MDG_0000000026,2023,YEAR,706,COUNTRY,PUBLISHED,Maternal mortality ratio,Somalia,562.5848149,243.9389822,1088.548546
AC597B1MDG_0000000026,MDG_0000000026,AC597B1,MDG_0000000026,2023,YEAR,710,COUNTRY,PUBLISHED,Maternal mortality ratio,South Africa,117.5665428,92.47478267,136.8338785
AC597B1MDG_0000000026,MDG_0000000026,AC597B1,MDG_0000000026,2023,YEAR,716,COUNTRY,PUBLISHED,Maternal mortality ratio,Zimbabwe,357.6149794,235.5133509,484.2111457
AC597B1MDG_0000000026,MDG_0000000026,AC597B1,MDG_0000000026,2023,YEAR,724,COUNTRY,PUBLISHED,Maternal mortality ratio,Spain,2.722749905,2.047147004,3.588520577
AC597B1MDG_0000000026,MDG_0000000026,AC597B1,MDG_0000000026,2023,YEAR,728,COUNTRY,PUBLISHED,Maternal mortality ratio,South Sudan,691.8202948,399.56586,1253.690874
AC597B1MDG_0000000026,MDG_0000000026,AC597B1,MDG_0000000026,2023,YEAR,729,COUNTRY,PUBLISHED,Maternal mortality ratio,Sudan,255.706196,159.0267875,415.487074
AC597B1MDG_0000000026,MDG_0000000026,AC597B1,MDG_0000000026,2023,YEAR,740,COUNTRY,PUBLISHED,Maternal mortality ratio,Suriname,83.64145987,53.91862891,120.5528599
AC597B1MDG_0000000026,MDG_0000000026,AC597B1,MDG_0000000026,2023,YEAR,748,COUNTRY,PUBLISHED,Maternal mortality ratio,Eswatini,117.9301557,72.36378407,208.77184
AC597B1MDG_0000000026,MDG_0000000026,AC597B1,MDG_0000000026,2023,YEAR,752,COUNTRY,PUBLISHED,Maternal mortality ratio,Sweden,4.028097917,3.165689346,5.737596054
AC597B1MDG_0000000026,MDG_0000000026,AC597B1,MDG_0000000026,2023,YEAR,756,COUNTRY,PUBLISHED,Maternal mortality ratio,Switzerland,5.461365683,4.03042535,8.432125801
AC597B1MDG_0000000026,MDG_0000000026,AC597B1,MDG_0000000026,2023,YEAR,760,COUNTRY,PUBLISHED,Maternal mortality ratio,Syrian Arab Republic,20.37147323,10.98018956,37.68595247
AC597B1MDG_0000000026,MDG_0000000026,AC597B1,MDG_0000000026,2023,YEAR,762,COUNTRY,PUBLISHED,Maternal mortality ratio,Tajikistan,13.86165794,7.596136163,24.81936724
AC597B1MDG_0000000026,MDG_0000000026,AC597B1,MDG_0000000026,2023,YEAR,764,COUNTRY,PUBLISHED,Maternal mortality ratio,Thailand,34.45034586,25.8633139,48.69973922
AC597B1MDG_0000000026,MDG_0000000026,AC597B1,MDG_0000000026,2023,YEAR,768,COUNTRY,PUBLISHED,Maternal mortality ratio,Togo,348.9030607,219.184741,526.48832
AC597B1MDG_0000000026,MDG_0000000026,AC597B1,MDG_0000000026,2023,YEAR,776,COUNTRY,PUBLISHED,Maternal mortality ratio,Tonga,66.78011563,29.74503269,155.6973091
AC597B1MDG_0000000026,MDG_0000000026,AC597B1,MDG_0000000026,2023,YEAR,780,COUNTRY,PUBLISHED,Maternal mortality ratio,Trinidad and Tobago,54.08375662,40.4757415,68.61137316
AC597B1MDG_0000000026,MDG_0000000026,AC597B1,MDG_0000000026,2023,YEAR,784,COUNTRY,PUBLISHED,Maternal mortality ratio,United Arab Emirates,2.53868535,1.526155625,4.360278978
AC597B1MDG_0000000026,MDG_0000000026,AC597B1,MDG_0000000026,2023,YEAR,788,COUNTRY,PUBLISHED,Maternal mortality ratio,Tunisia,35.71128683,23.07879177,52.68349175
AC597B1MDG_0000000026,MDG_0000000026,AC597B1,MDG_0000000026,2023,YEAR,792,COUNTRY,PUBLISHED,Maternal mortality ratio,Türkiye,14.62617361,10.64048272,22.09132886
AC597B1MDG_0000000026,MDG_0000000026,AC597B1,MDG_0000000026,2023,YEAR,795,COUNTRY,PUBLISHED,Maternal mortality ratio,Turkmenistan,4.520315863,2.309501998,8.443030224
AC597B1MDG_0000000026,MDG_0000000026,AC597B1,MDG_0000000026,2023,YEAR,798,COUNTRY,PUBLISHED,Maternal mortality ratio,Tuvalu,169.7052688,74.88471529,409.461458
AC597B1MDG_0000000026,MDG_0000000026,AC597B1,MDG_0000000026,2023,YEAR,800,COUNTRY,PUBLISHED,Maternal mortality ratio,Uganda,170.3104838,116.2769229,297.7198228
AC597B1MDG_0000000026,MDG_0000000026,AC597B1,MDG_0000000026,2023,YEAR,31,COUNTRY,PUBLISHED,Maternal mortality ratio,Azerbaijan,17.89597053,11.68979321,29.26914981
AC597B1MDG_0000000026,MDG_0000000026,AC597B1,MDG_0000000026,2023,YEAR,32,COUNTRY,PUBLISHED,Maternal mortality ratio,Argentina,33.2281392,26.43876068,41.34373727
AC597B1MDG_0000000026,MDG_0000000026,AC597B1,MDG_0000000026,2023,YEAR,36,COUNTRY,PUBLISHED,Maternal mortality ratio,Australia,2.332995566,1.685626233,3.193990413
AC597B1MDG_0000000026,MDG_0000000026,AC597B1,MDG_0000000026,2023,YEAR,40,COUNTRY,PUBLISHED,Maternal mortality ratio,Austria,6.104359857,3.983654674,10.95864508
AC597B1MDG_0000000026,MDG_0000000026,AC597B1,MDG_0000000026,2023,YEAR,44,COUNTRY,PUBLISHED,Maternal mortality ratio,Bahamas,75.95361158,49.53324708,130.1877368
AC597B1MDG_0000000026,MDG_0000000026,AC597B1,MDG_0000000026,2023,YEAR,48,COUNTRY,PUBLISHED,Maternal mortality ratio,Bahrain,16.78235196,12.37778487,24.61649172
AC597B1MDG_0000000026,MDG_0000000026,AC597B1,MDG_0000000026,2023,YEAR,50,COUNTRY,PUBLISHED,Maternal mortality ratio,Bangladesh,115.1149324,82.15142308,166.6076805
AC597B1MDG_0000000026,MDG_0000000026,AC597B1,MDG_0000000026,2023,YEAR,51,COUNTRY,PUBLISHED,Maternal mortality ratio,Armenia,19.48496158,14.71363247,29.8097813
AC597B1MDG_0000000026,MDG_0000000026,AC597B1,MDG_0000000026,2023,YEAR,52,COUNTRY,PUBLISHED,Maternal mortality ratio,Barbados,34.88119175,18.23469776,55.56784683
AC597B1MDG_0000000026,MDG_0000000026,AC597B1,MDG_0000000026,2023,YEAR,56,COUNTRY,PUBLISHED,Maternal mortality ratio,Belgium,3.843508247,2.826851296,5.127023868
AC597B1MDG_0000000026,MDG_0000000026,AC597B1,MDG_0000000026,2023,YEAR,64,COUNTRY,PUBLISHED,Maternal mortality ratio,Bhutan,46.64777161,29.74700396,68.50742472
AC597B1MDG_0000000026,MDG_0000000026,AC597B1,MDG_0000000026,2023,YEAR,68,COUNTRY,PUBLISHED,Maternal mortality ratio,Bolivia (Plurinational State of),146.3742813,98.47426094,243.0638697
AC597B1MDG_0000000026,MDG_0000000026,AC597B1,MDG_0000000026,2023,YEAR,70,COUNTRY,PUBLISHED,Maternal mortality ratio,Bosnia and Herzegovina,6.173997988,3.146081362,10.19877405
AC597B1MDG_0000000026,MDG_0000000026,AC597B1,MDG_0000000026,2023,YEAR,72,COUNTRY,PUBLISHED,Maternal mortality ratio,Botswana,155.0985471,95.96815156,267.9370228
AC597B1MDG_0000000026,MDG_0000000026,AC597B1,MDG_0000000026,2023,YEAR,76,COUNTRY,PUBLISHED,Maternal mortality ratio,Brazil,66.91036058,51.94715388,87.59136545
AC597B1MDG_0000000026,MDG_0000000026,AC597B1,MDG_0000000026,2023,YEAR,84,COUNTRY,PUBLISHED,Maternal mortality ratio,Belize,66.80086902,39.49181624,111.303344
AC597B1MDG_0000000026,MDG_0000000026,AC597B1,MDG_0000000026,2023,YEAR,90,COUNTRY,PUBLISHED,Maternal mortality ratio,Solomon Islands,122.5894882,64.75694791,230.8806414
AC597B1MDG_0000000026,MDG_0000000026,AC597B1,MDG_0000000026,2023,YEAR,96,COUNTRY,PUBLISHED,Maternal mortality ratio,Brunei Darussalam,36.3540464,24.86845396,52.33720585
AC597B1MDG_0000000026,MDG_0000000026,AC597B1,MDG_0000000026,2023,YEAR,100,COUNTRY,PUBLISHED,Maternal mortality ratio,Bulgaria,5.55967365,3.22544949,9.03123111
AC597B1MDG_0000000026,MDG_0000000026,AC597B1,MDG_0000000026,2023,YEAR,104,COUNTRY,PUBLISHED,Maternal mortality ratio,Myanmar,184.6351445,124.0669832,310.8931435
AC597B1MDG_0000000026,MDG_0000000026,AC597B1,MDG_0000000026,2023,YEAR,108,COUNTRY,PUBLISHED,Maternal mortality ratio,Burundi,391.9746806,251.3668851,611.1360407
AC597B1MDG_0000000026,MDG_0000000026,AC597B1,MDG_0000000026,2023,YEAR,112,COUNTRY,PUBLISHED,Maternal mortality ratio,Belarus,1.095984376,0.620868843,1.884086657
AC597B1MDG_0000000026,MDG_0000000026,AC597B1,MDG_0000000026,2023,YEAR,116,COUNTRY,PUBLISHED,Maternal mortality ratio,Cambodia,137.3894187,96.47467608,238.918392
AC597B1MDG_0000000026,MDG_0000000026,AC597B1,MDG_0000000026,2023,YEAR,120,COUNTRY,PUBLISHED,Maternal mortality ratio,Cameroon,258.2253997,195.5898546,359.4639765
AC597B1MDG_0000000026,MDG_0000000026,AC597B1,MDG_0000000026,2023,YEAR,124,COUNTRY,PUBLISHED,Maternal mortality ratio,Canada,11.78478665,8.154526925,17.61369698
AC597B1MDG_0000000026,MDG_0000000026,AC597B1,MDG_0000000026,2023,YEAR,132,COUNTRY,PUBLISHED,Maternal mortality ratio,Cabo Verde,40.03827212,22.31775139,65.4926106
AC597B1MDG_0000000026,MDG_0000000026,AC597B1,MDG_0000000026,2023,YEAR,140,COUNTRY,PUBLISHED,Maternal mortality ratio,Central African Republic,691.7425122,333.1607351,1298.850285
AC597B1MDG_0000000026,MDG_0000000026,AC597B1,MDG_0000000026,2023,YEAR,144,COUNTRY,PUBLISHED,Maternal mortality ratio,Sri Lanka,18.31821352,14.88240254,24.69949062
AC597B1MDG_0000000026,MDG_0000000026,AC597B1,MDG_0000000026,2023,YEAR,148,COUNTRY,PUBLISHED,Maternal mortality ratio,Chad,747.5398465,493.3139191,1248.049979
AC597B1MDG_0000000026,MDG_0000000026,AC597B1,MDG_0000000026,2023,YEAR,152,COUNTRY,PUBLISHED,Maternal mortality ratio,Chile,9.88496755,7.25075858,13.01162576
AC597B1MDG_0000000026,MDG_0000000026,AC597B1,MDG_0000000026,2023,YEAR,156,COUNTRY,PUBLISHED,Maternal mortality ratio,China,16.25106524,11.44597174,21.24397397
AC597B1MDG_0000000026,MDG_0000000026,AC597B1,MDG_0000000026,2023,YEAR,170,COUNTRY,PUBLISHED,Maternal mortality ratio,Colombia,59.38165757,45.45247373,76.30498399
AC597B1MDG_0000000026,MDG_0000000026,AC597B1,MDG_0000000026,2023,YEAR,174,COUNTRY,PUBLISHED,Maternal mortality ratio,Comoros,178.8769234,102.9709259,308.4136229
AC597B1MDG_0000000026,MDG_0000000026,AC597B1,MDG_0000000026,2023,YEAR,178,COUNTRY,PUBLISHED,Maternal mortality ratio,Congo,241.0887523,143.7731843,452.5105817
AC597B1MDG_0000000026,MDG_0000000026,AC597B1,MDG_0000000026,2023,YEAR,180,COUNTRY,PUBLISHED,Maternal mortality ratio,Democratic Republic of the Congo,427.0455049,283.2880655,774.9806881
AC597B1MDG_0000000026,MDG_0000000026,AC597B1,MDG_0000000026,2023,YEAR,184,COUNTRY,PUBLISHED,Maternal mortality ratio,Cook Islands,0.107251073,0.064313764,0.177017969
AC597B1MDG_0000000026,MDG_0000000026,AC597B1,MDG_0000000026,2023,YEAR,188,COUNTRY,PUBLISHED,Maternal mortality ratio,Costa Rica,24.11979648,19.38098054,27.93450574
AC597B1MDG_0000000026,MDG_0000000026,AC597B1,MDG_0000000026,2023,YEAR,191,COUNTRY,PUBLISHED,Maternal mortality ratio,Croatia,3.047709557,1.912080351,4.230122502
AC597B1MDG_0000000026,MDG_0000000026,AC597B1,MDG_0000000026,2023,YEAR,192,COUNTRY,PUBLISHED,Maternal mortality ratio,Cuba,34.79424424,29.02746018,42.18669786
AC597B1MDG_0000000026,MDG_0000000026,AC597B1,MDG_0000000026,2023,YEAR,196,COUNTRY,PUBLISHED,Maternal mortality ratio,Cyprus,13.62431151,7.521049193,25.18079182
AC597B1MDG_0000000026,MDG_0000000026,AC597B1,MDG_0000000026,2023,YEAR,203,COUNTRY,PUBLISHED,Maternal mortality ratio,Czechia,2.704061784,1.544542556,4.340802092
AC597B1MDG_0000000026,MDG_0000000026,AC597B1,MDG_0000000026,2023,YEAR,204,COUNTRY,PUBLISHED,Maternal mortality ratio,Benin,518.2329466,392.8674415,739.6691546
AC597B1MDG_0000000026,MDG_0000000026,AC597B1,MDG_0000000026,2023,YEAR,208,COUNTRY,PUBLISHED,Maternal mortality ratio,Denmark,3.665751498,2.673097998,4.746442268
AC597B1MDG_0000000026,MDG_0000000026,AC597B1,MDG_0000000026,2023,YEAR,212,COUNTRY,PUBLISHED,Maternal mortality ratio,Dominica,35.54812446,21.88460984,60.86117014
AC597B1MDG_0000000026,MDG_0000000026,AC597B1,MDG_0000000026,2023,YEAR,214,COUNTRY,PUBLISHED,Maternal mortality ratio,Dominican Republic,124.4732496,86.34420444,184.614292
AC597B1MDG_0000000026,MDG_0000000026,AC597B1,MDG_0000000026,2023,YEAR,218,COUNTRY,PUBLISHED,Maternal mortality ratio,Ecuador,55.37107404,48.04747936,66.35364931
AC597B1MDG_0000000026,MDG_0000000026,AC597B1,MDG_0000000026,2023,YEAR,222,COUNTRY,PUBLISHED,Maternal mortality ratio,El Salvador,39.10833998,24.80598734,62.72832647
AC597B1MDG_0000000026,MDG_0000000026,AC597B1,MDG_0000000026,2023,YEAR,226,COUNTRY,PUBLISHED,Maternal mortality ratio,Equatorial Guinea,173.6629385,103.3740664,308.5529648
AC597B1MDG_0000000026,MDG_0000000026,AC597B1,MDG_0000000026,2023,YEAR,231,COUNTRY,PUBLISHED,Maternal mortality ratio,Ethiopia,194.936852,128.3995007,332.0242493
AC597B1MDG_0000000026,MDG_0000000026,AC597B1,MDG_0000000026,2023,YEAR,232,COUNTRY,PUBLISHED,Maternal mortality ratio,Eritrea,291.3582234,175.5122416,482.6744076
AC597B1MDG_0000000026,MDG_0000000026,AC597B1,MDG_0000000026,2023,YEAR,233,COUNTRY,PUBLISHED,Maternal mortality ratio,Estonia,4.962892072,2.751439732,8.797052744
AC597B1MDG_0000000026,MDG_0000000026,AC597B1,MDG_0000000026,2023,YEAR,242,COUNTRY,PUBLISHED,Maternal mortality ratio,Fiji,30.2356932,19.93510876,47.39059942
AC597B1MDG_0000000026,MDG_0000000026,AC597B1,MDG_0000000026,2023,YEAR,246,COUNTRY,PUBLISHED,Maternal mortality ratio,Finland,7.880065561,4.873953979,13.58199986
AC597B1MDG_0000000026,MDG_0000000026,AC597B1,MDG_0000000026,2023,YEAR,250,COUNTRY,PUBLISHED,Maternal mortality ratio,France,7.304546466,5.501171687,9.544122683
AC597B1MDG_0000000026,MDG_0000000026,AC597B1,MDG_0000000026,2023,YEAR,262,COUNTRY,PUBLISHED,Maternal mortality ratio,Djibouti,161.8756763,80.19610561,336.8275593
AC597B1MDG_0000000026,MDG_0000000026,AC597B1,MDG_0000000026,2023,YEAR,266,COUNTRY,PUBLISHED,Maternal mortality ratio,Gabon,232.660417,133.8273777,423.6728686
AC597B1MDG_0000000026,MDG_0000000026,AC597B1,MDG_0000000026,2023,YEAR,268,COUNTRY,PUBLISHED,Maternal mortality ratio,Georgia,19.69184694,12.86116608,26.68214477
AC597B1MDG_0000000026,MDG_0000000026,AC597B1,MDG_0000000026,2023,YEAR,270,COUNTRY,PUBLISHED,Maternal mortality ratio,Gambia,354.3525621,244.8752981,504.3911553
AC597B1MDG_0000000026,MDG_0000000026,AC597B1,MDG_0000000026,2023,YEAR,275,NATIONAL LIBERATION MOVEMENT,PUBLISHED,Maternal mortality ratio,"occupied Palestinian territory, including east Jerusalem",16.11319048,9.251185062,26.03745807
AC597B1MDG_0000000026,MDG_0000000026,AC597B1,MDG_0000000026,2023,YEAR,276,COUNTRY,PUBLISHED,Maternal mortality ratio,Germany,3.620224929,2.508739932,5.055818471
AC597B1MDG_0000000026,MDG_0000000026,AC597B1,MDG_0000000026,2023,YEAR,288,COUNTRY,PUBLISHED,Maternal mortality ratio,Ghana,234.3232197,155.3754538,343.8852477
AC597B1MDG_0000000026,MDG_0000000026,AC597B1,MDG_0000000026,2023,YEAR,296,COUNTRY,PUBLISHED,Maternal mortality ratio,Kiribati,79.76223714,33.51719812,151.701966
AC597B1MDG_0000000026,MDG_0000000026,AC597B1,MDG_0000000026,2023,YEAR,300,COUNTRY,PUBLISHED,Maternal mortality ratio,Greece,4.788553113,3.001771316,7.798421944
AC597B1MDG_0000000026,MDG_0000000026,AC597B1,MDG_0000000026,2023,YEAR,308,COUNTRY,PUBLISHED,Maternal mortality ratio,Grenada,48.24918516,29.34490279,95.11405539
AC597B1MDG_0000000026,MDG_0000000026,AC597B1,MDG_0000000026,2023,YEAR,320,COUNTRY,PUBLISHED,Maternal mortality ratio,Guatemala,93.71638557,82.37753418,106.4221794
AC597B1MDG_0000000026,MDG_0000000026,AC597B1,MDG_0000000026,2023,YEAR,324,COUNTRY,PUBLISHED,Maternal mortality ratio,Guinea,494.1156532,336.5019355,764.4826397
AC597B1MDG_0000000026,MDG_0000000026,AC597B1,MDG_0000000026,2023,YEAR,328,COUNTRY,PUBLISHED,Maternal mortality ratio,Guyana,74.73033016,59.27447008,103.33663
AC597B1MDG_0000000026,MDG_0000000026,AC597B1,MDG_0000000026,2023,YEAR,332,COUNTRY,PUBLISHED,Maternal mortality ratio,Haiti,327.5638327,218.2365928,568.6283228
AC597B1MDG_0000000026,MDG_0000000026,AC597B1,MDG_0000000026,2023,YEAR,340,COUNTRY,PUBLISHED,Maternal mortality ratio,Honduras,46.74992481,36.93902239,61.78438217
AC597B1MDG_0000000026,MDG_0000000026,AC597B1,MDG_0000000026,2023,YEAR,348,COUNTRY,PUBLISHED,Maternal mortality ratio,Hungary,11.65266404,7.743578866,18.29548111
AC597B1MDG_0000000026,MDG_0000000026,AC597B1,MDG_0000000026,2023,YEAR,352,COUNTRY,PUBLISHED,Maternal mortality ratio,Iceland,3.022103641,1.105959136,5.787375303
AC597B1MDG_0000000026,MDG_0000000026,AC597B1,MDG_0000000026,2023,YEAR,356,COUNTRY,PUBLISHED,Maternal mortality ratio,India,80.4818209,73.04362267,87.47780145
AC597B1MDG_0000000026,MDG_0000000026,AC597B1,MDG_0000000026,2023,YEAR,360,COUNTRY,PUBLISHED,Maternal mortality ratio,Indonesia,140.4991767,93.4101402,235.1417538
AC597B1MDG_0000000026,MDG_0000000026,AC597B1,MDG_0000000026,2023,YEAR,364,COUNTRY,PUBLISHED,Maternal mortality ratio,Iran (Islamic Republic of),15.84014217,10.31657073,21.75114385
AC597B1MDG_0000000026,MDG_0000000026,AC597B1,MDG_0000000026,2023,YEAR,368,COUNTRY,PUBLISHED,Maternal mortality ratio,Iraq,65.99087847,40.81964345,115.9012701
AC597B1MDG_0000000026,MDG_0000000026,AC597B1,MDG_0000000026,2023,YEAR,372,COUNTRY,PUBLISHED,Maternal mortality ratio,Ireland,3.790126635,2.728263909,4.897232247
AC597B1MDG_0000000026,MDG_0000000026,AC597B1,MDG_0000000026,2023,YEAR,376,COUNTRY,PUBLISHED,Maternal mortality ratio,Israel,2.491426596,1.430963632,4.319056458
AC597B1MDG_0000000026,MDG_0000000026,AC597B1,MDG_0000000026,2023,YEAR,380,COUNTRY,PUBLISHED,Maternal mortality ratio,Italy,6.476819204,4.969084239,8.5724508
AC597B1MDG_0000000026,MDG_0000000026,AC597B1,MDG_0000000026,2023,YEAR,384,COUNTRY,PUBLISHED,Maternal mortality ratio,Côte d'Ivoire,358.9502776,237.0344556,568.212841
AC597B1MDG_0000000026,MDG_0000000026,AC597B1,MDG_0000000026,2023,YEAR,388,COUNTRY,PUBLISHED,Maternal mortality ratio,Jamaica,130.142758,96.06376081,175.3457522
AC597B1MDG_0000000026,MDG_0000000026,AC597B1,MDG_0000000026,2023,YEAR,392,COUNTRY,PUBLISHED,Maternal mortality ratio,Japan,3.078282902,2.195815001,4.272843728
AC597B1MDG_0000000026,MDG_0000000026,AC597B1,MDG_0000000026,2023,YEAR,398,COUNTRY,PUBLISHED,Maternal mortality ratio,Kazakhstan,9.578778874,6.860251234,13.57519419
AC597B1MDG_0000000026,MDG_0000000026,AC597B1,MDG_0000000026,2023,YEAR,400,COUNTRY,PUBLISHED,Maternal mortality ratio,Jordan,30.77895838,23.81528038,41.18769127
AC597B1MDG_0000000026,MDG_0000000026,AC597B1,MDG_0000000026,2023,YEAR,404,COUNTRY,PUBLISHED,Maternal mortality ratio,Kenya,378.795784,267.036829,546.7888213
AC597B1MDG_0000000026,MDG_0000000026,AC597B1,MDG_0000000026,2023,YEAR,408,COUNTRY,PUBLISHED,Maternal mortality ratio,Democratic People's Republic of Korea,66.90203906,38.34718808,114.4462149
AC597B1MDG_0000000026,MDG_0000000026,AC597B1,MDG_0000000026,2023,YEAR,410,COUNTRY,PUBLISHED,Maternal mortality ratio,Republic of Korea,3.789339373,3.148947561,4.688041902
AC597B1MDG_0000000026,MDG_0000000026,AC597B1,MDG_0000000026,2023,YEAR,414,COUNTRY,PUBLISHED,Maternal mortality ratio,Kuwait,7.753087672,5.171473492,12.21654427
AC597B1MDG_0000000026,MDG_0000000026,AC597B1,MDG_0000000026,2023,YEAR,417,COUNTRY,PUBLISHED,Maternal mortality ratio,Kyrgyzstan,41.89503138,33.19369271,54.51248089
AC597B1MDG_0000000026,MDG_0000000026,AC597B1,MDG_0000000026,2023,YEAR,1,GLOBAL,PUBLISHED,Maternal mortality ratio,World,197.3053735,174.4850868,233.9941872
AC597B1MDG_0000000026,MDG_0000000026,AC597B1,MDG_0000000026,2023,YEAR,4,COUNTRY,PUBLISHED,Maternal mortality ratio,Afghanistan,520.5022864,338.561205,942.0471137
AC597B1MDG_0000000026,MDG_0000000026,AC597B1,MDG_0000000026,2023,YEAR,8,COUNTRY,PUBLISHED,Maternal mortality ratio,Albania,6.86681461,3.121095912,13.48260839
AC597B1MDG_0000000026,MDG_0000000026,AC597B1,MDG_0000000026,2023,YEAR,12,COUNTRY,PUBLISHED,Maternal mortality ratio,Algeria,62.48508507,45.53176751,86.52050433
AC597B1MDG_0000000026,MDG_0000000026,AC597B1,MDG_0000000026,2023,YEAR,20,COUNTRY,PUBLISHED,Maternal mortality ratio,Andorra,10.62672111,4.276661542,21.8223764
AC597B1MDG_0000000026,MDG_0000000026,AC597B1,MDG_0000000026,2023,YEAR,24,COUNTRY,PUBLISHED,Maternal mortality ratio,Angola,183.2019263,116.7181977,286.361518
AC597B1MDG_0000000026,MDG_0000000026,AC597B1,MDG_0000000026,2023,YEAR,28,COUNTRY,PUBLISHED,Maternal mortality ratio,Antigua and Barbuda,34.56838778,18.95371171,55.33825688
